iter	RMSE
0	1.544367106
500	1.011193596
1000	0.9606528664
1500	0.9257334743
2000	0.8985527901
2500	0.8773715763
3000	0.8589199017
3500	0.8426246009
4000	0.8286305317
4500	0.8153711979
4996	0.8046640857
