id,target
c0f722661,-1.0632610477103999
f0953f0a5,-0.5257211890871648
0df072751,-0.1931602347860186
04caf4e0c,-1.809230853402188
0e63f8bea,-1.7438063262268715
12537fe78,-0.2155615648800126
965e592c0,-0.04652284407529773
